id,title,price,location,detected_object,object_confidence,detection_method,raw_response,matched_keywords,condition,condition_confidence,condition_2nd,condition_confidence_2nd,condition_3rd,condition_confidence_3rd,url,photo_url
1417273589571573,Conversion kit bike ( üö®GOES 38 MPH üö® ),$1,"Moreno Valley, CA",a bike,0.0,llama3_8b,bike,,a bike in poor condition,0.46369553,a bike in good condition,0.42417148,a bike in fair condition,0.11213302,https://www.facebook.com/marketplace/item/1417273589571573,https://scontent-lax3-1.xx.fbcdn.net/v/t45.5328-4/541671374_1430551655093177_7488556763206710628_n.jpg?stp=c0.43.261.261a_dst-jpg_p261x260_tt6&_nc_cat=104&ccb=1-7&_nc_sid=247b10&_nc_ohc=5JRII2o-Bq8Q7kNvwEAGnPn&_nc_oc=Adn4M-MUCbXbdBmVdY0VEItyJpVHMdosWwfhElZ6o5KCpt2Yorex4XOXp0HRw1mS9ppGDjZzweM2lN8fMnhgxbTC&_nc_zt=23&_nc_ht=scontent-lax3-1.xx&_nc_gid=vKzan1MBsubXvyKJss7JwQ&oh=00_AfYJ-Sj6HnfpN5ybiRUHvOZr_4n7RIwSGTRmXGQfmw5KnA&oe=68BD75E1
726707020531733,Beach cruiser - Pink/white - Adult,$10,"San Diego, CA",a bike,0.0,llama3_8b,bike,,a bike in poor condition,0.77346194,a bike in fair condition,0.12236918,a bike in good condition,0.10416881,https://www.facebook.com/marketplace/item/726707020531733,https://scontent-lax3-2.xx.fbcdn.net/v/t45.5328-4/532113155_1313665073660869_8714300154800246823_n.jpg?stp=c0.151.261.261a_dst-jpg_p261x260_tt6&_nc_cat=100&ccb=1-7&_nc_sid=247b10&_nc_ohc=PuKCuYUq7F4Q7kNvwHNkJo_&_nc_oc=Adlv1B0jSKQRC1M7wsqjY-zrEl2bdw2BeeBt_5Ui4W-H247oA8ZTpDRjB5xExi2gWU4JNP7vc6r8ExuqRY8eW3lM&_nc_zt=23&_nc_ht=scontent-lax3-2.xx&_nc_gid=8-DEcySt5NX0uzg96HWUyg&oh=00_AfaXXHDxw7sLf-Q-m7bR0uGF1LwH9PS_xqqhFhsacNxCLA&oe=68BD869B
1632143021075844,Boys bike,$20,"San Diego, CA",a bike,0.0,llama3_8b,bike,,a bike in poor condition,0.41815737,a bike in good condition,0.3963031,a bike in fair condition,0.18553957,https://www.facebook.com/marketplace/item/1632143021075844,https://scontent-lax3-1.xx.fbcdn.net/v/t45.5328-4/541627567_1287676782959964_7397613618869335601_n.jpg?stp=c151.0.260.260a_dst-jpg_p261x260_tt6&_nc_cat=104&ccb=1-7&_nc_sid=247b10&_nc_ohc=klAYQ6q87LkQ7kNvwFW_jL1&_nc_oc=AdnuTnnFhT2yeifBsNKMpXTSYY-nKoTxk1Mk5qRL5Ol9Jx07QY3HfHyv3mzaI9IoArZdNvDGEglMuxOIwOqZ6zgW&_nc_zt=23&_nc_ht=scontent-lax3-1.xx&_nc_gid=vKzan1MBsubXvyKJss7JwQ&oh=00_AfYWUXwvGC2tqrh34S2Lc9R0skvMq5gvLMse5oSb6jkT_w&oe=68BD606C
1496154951826849,Huffy,$20,"San Marcos, CA",a bike,0.0,llama3_8b,bike,,a bike in poor condition,0.45767242,a bike in good condition,0.28631014,a bike in fair condition,0.2560175,https://www.facebook.com/marketplace/item/1496154951826849,https://scontent-lax3-2.xx.fbcdn.net/v/t45.5328-4/531983031_2297615570695827_3348399317273197742_n.jpg?stp=c43.0.260.260a_dst-jpg_p261x260_tt6&_nc_cat=111&ccb=1-7&_nc_sid=247b10&_nc_ohc=nYyWw9kN_gwQ7kNvwEkaDz1&_nc_oc=AdlLsdl-nmXS0hM1BTa6z_rPHxDMxs-S0_kmFHZoxTeU6DK8VcbPIsGysIGV-YmhN6DolX4UoyyN-Jep3aB1d6B8&_nc_zt=23&_nc_ht=scontent-lax3-2.xx&_nc_gid=8-DEcySt5NX0uzg96HWUyg&oh=00_AfZ9Bi-nIHpKBJope1eSjAJCPONCAhvFls9abTlXj9edJw&oe=68BD9405
1611026772911562,Bike,$30,"Escondido, CA",a bike,0.0,llama3_8b,bike,,a bike in poor condition,0.47281227,a bike in good condition,0.3217284,a bike in fair condition,0.20545933,https://www.facebook.com/marketplace/item/1611026772911562,https://scontent-lax3-2.xx.fbcdn.net/v/t45.5328-4/498012295_686722517396197_1149402998871777852_n.jpg?stp=c0.152.261.261a_dst-jpg_p261x260_tt6&_nc_cat=107&ccb=1-7&_nc_sid=247b10&_nc_ohc=R7WTXQZX39QQ7kNvwF4K2hc&_nc_oc=AdlPDaApjIaZC-PqERJV6kjSvZS6Wp9z6MUIlVGvS-e9gyB-axESLfa3qqzInJsYroyYGeSNn-eH5dtQMcX3DaSA&_nc_zt=23&_nc_ht=scontent-lax3-2.xx&_nc_gid=KSTfipGwvJMTFWSPcAKvag&oh=00_AfbmQ5muHyXW5rCp7MMvZmmLoab7Lz8k_ZWwtcUNlqA2dQ&oe=68BD6521
675080808725908,Bike,$30,"San Diego, CA",a bike,0.0,llama3_8b,bike,,a bike in good condition,0.7305274,a bike in poor condition,0.15979752,a bike in fair condition,0.10967514,https://www.facebook.com/marketplace/item/675080808725908,https://scontent-lax3-2.xx.fbcdn.net/v/t45.5328-4/498323392_542943648695921_4974164364607778259_n.jpg?stp=c43.0.260.260a_dst-jpg_p261x260_tt6&_nc_cat=100&ccb=1-7&_nc_sid=247b10&_nc_ohc=XfIG19sJSygQ7kNvwEtI7pC&_nc_oc=AdlQ19_6KbUo2XflnBqa7tLWluku2K9jupgEJtxpOcsoGgesHBK83uRbHeFn3eEqKXHBPziwn6QZYaqx1g5L9xdx&_nc_zt=23&_nc_ht=scontent-lax3-2.xx&_nc_gid=KSTfipGwvJMTFWSPcAKvag&oh=00_Afa28DcYnNQ3WmHGz16RsrqM2dRZRGoeAtMwXtuld1OAMQ&oe=68BD857E
313064518220914,Schwinn bike,$30,"San Diego, CA",a bike,0.0,llama3_8b,bike,,a bike in poor condition,0.5690314,a bike in good condition,0.3058403,a bike in fair condition,0.12512818,https://www.facebook.com/marketplace/item/313064518220914,https://scontent-lax3-2.xx.fbcdn.net/v/t45.5328-4/408779114_6417099821729178_4236087458946472989_n.jpg?stp=c43.0.260.260a_dst-jpg_p261x260_tt6&_nc_cat=100&ccb=1-7&_nc_sid=247b10&_nc_ohc=YBnOt3E8uNMQ7kNvwH70vbh&_nc_oc=AdmbqtkUOcZPICkUrFrpkwYK3mgh5CgInK_oy4RC5nD5yPyA-P2eI-ah6B89wW3ZpdFi9f5UAT_LH24MB2BD_6Gg&_nc_zt=23&_nc_ht=scontent-lax3-2.xx&_nc_gid=vKzan1MBsubXvyKJss7JwQ&oh=00_AfZj8Y9oDBzdMQNtSGZxmoEvkgNGVqCgDD79S9_RQRzhZQ&oe=68BD7EE9
671600021781313,20‚Äù bike,$30,"National City, CA",a bike,0.0,llama3_8b,bike,,a bike in good condition,0.5131762,a bike in poor condition,0.32408488,a bike in fair condition,0.16273896,https://www.facebook.com/marketplace/item/671600021781313,https://scontent-lax3-2.xx.fbcdn.net/v/t45.5328-4/438310160_441856318550375_8481989582066732493_n.jpg?stp=c0.43.261.261a_dst-jpg_p261x260_tt6&_nc_cat=106&ccb=1-7&_nc_sid=247b10&_nc_ohc=9CKT1uWUuDsQ7kNvwFAVKKj&_nc_oc=AdkCqJ1xxYhtK3pv0BP0k8AEy5yzFTr1nDIJAOT910yDJCZPMnBhLXrlEWaDkcT6Sm9iQAmwIuYilmb3v9oaXrQE&_nc_zt=23&_nc_ht=scontent-lax3-2.xx&_nc_gid=vKzan1MBsubXvyKJss7JwQ&oh=00_AfbUe7dx4TY2OioYv-mfLGapZ7h0qP6BHLaUYQvda9xWgA&oe=68BD8BBD
1682409882628094,Kulana bike,$35,"San Diego, CA",a bike,0.0,llama3_8b,bike,,a bike in good condition,0.44726914,a bike in poor condition,0.43367848,a bike in fair condition,0.11905239,https://www.facebook.com/marketplace/item/1682409882628094,https://scontent-lax3-1.xx.fbcdn.net/v/t45.5328-4/473209912_1306302290496069_1480460139950877644_n.jpg?stp=c0.152.261.261a_dst-jpg_p261x260_tt6&_nc_cat=108&ccb=1-7&_nc_sid=247b10&_nc_ohc=yt6_YsT0d4IQ7kNvwGifGMn&_nc_oc=AdnLtK1UouQXnx9z892bQYchC9hjj9Rt3_dG8D0kksK85yDtb9Fe9mbAYATXnhGkVzOmmtoVg7namUOCn2Xo5CAO&_nc_zt=23&_nc_ht=scontent-lax3-1.xx&_nc_gid=8-DEcySt5NX0uzg96HWUyg&oh=00_AfYQQ5JSbzawp6ylGu9Y3icv9chn9iYW-Plk4V6Mq2wf0g&oe=68BD6F6B
701557842915078,Bike Ôøº,$40,"El Cajon, CA",a bike,0.0,llama3_8b,bike,,a bike in good condition,0.54483235,a bike in poor condition,0.2651763,a bike in fair condition,0.18999141,https://www.facebook.com/marketplace/item/701557842915078,https://scontent-lax3-1.xx.fbcdn.net/v/t45.5328-4/540300482_3670118083119569_3106805145180123535_n.jpg?stp=c100.0.260.260a_dst-jpg_p261x260_tt6&_nc_cat=102&ccb=1-7&_nc_sid=247b10&_nc_ohc=532-1XZYyxAQ7kNvwE2asAG&_nc_oc=AdmPDQoJng0OHelJ7WFLtKXQ9VB9rPdlkq9jb3Z1-be0QUfWHR7XpXnngVkVe0k2cbxUtp6zBAdlMbglACbCwmsI&_nc_zt=23&_nc_ht=scontent-lax3-1.xx&_nc_gid=8-DEcySt5NX0uzg96HWUyg&oh=00_AfZkPPAId9KBasaHJ1t_0-cRYC58mTZ1zxsrsYhsizdgjA&oe=68BD8D7F
1088030450164570,Bicycle,$40,"Bonita, CA",a bike,0.0,llama3_8b,bike,,a bike in good condition,0.6002888,a bike in poor condition,0.29378366,a bike in fair condition,0.10592757,https://www.facebook.com/marketplace/item/1088030450164570,https://scontent-lax3-1.xx.fbcdn.net/v/t45.5328-4/542444380_1071870548329663_3316749749434916161_n.jpg?stp=c43.0.260.260a_dst-jpg_p261x260_tt6&_nc_cat=110&ccb=1-7&_nc_sid=247b10&_nc_ohc=oCvRbhNWfTIQ7kNvwGMTRS-&_nc_oc=AdljdGEQGAITLws-2P6ygQNHr9u_cjo3fBu0vKvxMg7pzs2A5Kz54aVvUDe9x21dhi7yfap6RWbRVR8fIlxkLLuz&_nc_zt=23&_nc_ht=scontent-lax3-1.xx&_nc_gid=vKzan1MBsubXvyKJss7JwQ&oh=00_Afbl6EcbWVm4HEYO-jfZqHfkJfSiP5LKgYak7R1TkmhMwA&oe=68BD8B30
1328061858926753,Kids BMX bike,$40,"Carlsbad, CA",a bike,0.0,llama3_8b,bike,,a bike in good condition,0.7196393,a bike in poor condition,0.18729636,a bike in fair condition,0.09306428,https://www.facebook.com/marketplace/item/1328061858926753,https://scontent-lax3-2.xx.fbcdn.net/v/t45.5328-4/541448740_1584254925885816_8524872815549229111_n.jpg?stp=c0.43.261.261a_dst-jpg_p261x260_tt6&_nc_cat=103&ccb=1-7&_nc_sid=247b10&_nc_ohc=arFrWq2C5SUQ7kNvwGx3J-M&_nc_oc=AdmxXodTecUsioICTZpu5tJJrjTteFr_JWvt0pZ3-su4kE5AT8sJ2CR74euNMep9nw3vWkXhXK01GNE6NaRNqb_u&_nc_zt=23&_nc_ht=scontent-lax3-2.xx&_nc_gid=8-DEcySt5NX0uzg96HWUyg&oh=00_AfZF3gijcsh0UCmW3y6OB0K5dIDrEswaWjuD-MblPMNiZQ&oe=68BD85FB
1672362683401499,20in kids bicycle,$40,"Valley Center, CA",a bike,0.0,llama3_8b,bike,,a bike in poor condition,0.49566045,a bike in good condition,0.36730525,a bike in fair condition,0.1370343,https://www.facebook.com/marketplace/item/1672362683401499,https://scontent-lax3-2.xx.fbcdn.net/v/t45.5328-4/539926628_1494287645226673_2582219189252057651_n.jpg?stp=c0.204.261.261a_dst-jpg_p261x260_tt6&_nc_cat=111&ccb=1-7&_nc_sid=247b10&_nc_ohc=cpifCOqQuNkQ7kNvwGpE545&_nc_oc=AdlvYys_VAw-ffRFQqYGoeL8DMmdS6nzEWuLMm-KukuH4a9LAr-BG2rMw-3Xeth3Rf0zvHa90cy2qQoHM8pDuAqk&_nc_zt=23&_nc_ht=scontent-lax3-2.xx&_nc_gid=vgJcLvSRdsysMEMH1qI1tQ&oh=00_AfbIn8DUIOJcW1W67h61gBwo4xpr2-nbx0T6WUGr1fBmAg&oe=68BD942C
1846871339207574,Used bike,$40,"Escondido, CA",a bike,0.0,llama3_8b,bike,,a bike in good condition,0.5839967,a bike in poor condition,0.30451572,a bike in fair condition,0.11148749,https://www.facebook.com/marketplace/item/1846871339207574,https://scontent-lax3-2.xx.fbcdn.net/v/t45.5328-4/523112932_1217031326777395_734376153728082142_n.jpg?stp=c0.43.261.261a_dst-jpg_p261x260_tt6&_nc_cat=111&ccb=1-7&_nc_sid=247b10&_nc_ohc=zAsvyaxVauwQ7kNvwG_64xv&_nc_oc=AdlrKdWiHxxBGBz_KYQkc-SzML8GSgMTyxfRRtqpEcMmaCr3DAodOyBTyADnlcO4dnxRkLhtM8bqA8qvdzFLCkoq&_nc_zt=23&_nc_ht=scontent-lax3-2.xx&_nc_gid=8-DEcySt5NX0uzg96HWUyg&oh=00_Afbb2EgNEt7C8j7J-nGDxVWZl5u6vi2pL_MPgn1Q6mjgfQ&oe=68BD91BE
790766273406873,GT Berm bike,$40,"Perris, CA",a bike,0.0,llama3_8b,bike,,a bike in good condition,0.7743407,a bike in poor condition,0.15029672,a bike in fair condition,0.07536262,https://www.facebook.com/marketplace/item/790766273406873,https://scontent-lax3-1.xx.fbcdn.net/v/t45.5328-4/540232331_661115573127785_1375294798591977191_n.jpg?stp=c0.43.261.261a_dst-jpg_p261x260_tt6&_nc_cat=110&ccb=1-7&_nc_sid=247b10&_nc_ohc=ommeH0ACWwAQ7kNvwHb3EWC&_nc_oc=Admo7CdHTCko9kMpQL-wC00H9Nv8aWIPZkhWsBF4g7wLOAwx8y9KSfcGMbm53XdY4jJzqgFh5A2H9sHy5lxM8wca&_nc_zt=23&_nc_ht=scontent-lax3-1.xx&_nc_gid=KSTfipGwvJMTFWSPcAKvag&oh=00_Afaiv4jtHwZhP05TB9RT355t53ty_LKviplxV6oSLK0WeQ&oe=68BD82FD
1102001118523845,Shwinn bike,$40,"El Cajon, CA",a bike,0.0,llama3_8b,bike,,a bike in good condition,0.50869393,a bike in poor condition,0.328269,a bike in fair condition,0.16303708,https://www.facebook.com/marketplace/item/1102001118523845,https://scontent-lax3-2.xx.fbcdn.net/v/t45.5328-4/521705706_1685035468814093_3355343041302867942_n.jpg?stp=c0.43.261.261a_dst-jpg_p261x260_tt6&_nc_cat=100&ccb=1-7&_nc_sid=247b10&_nc_ohc=vFWabmZf8ucQ7kNvwENAa29&_nc_oc=Adl2BBuQdrzu6z9zNQybmue6MkmTnvf8sPYvGclESXg4MRamwVaH1KeyOwfHkLr7FZkPKDBFYpIf5tGrM234n-Cj&_nc_zt=23&_nc_ht=scontent-lax3-2.xx&_nc_gid=vKzan1MBsubXvyKJss7JwQ&oh=00_AfZT-zSUWjfbWRAhDbtzMDEGlAlFaTa_EfOD-DkbB7kAtg&oe=68BD8047
555492804319541,Beach cruiser bike,$45,"San Diego, CA",a bike,0.0,llama3_8b,bike,,a bike in good condition,0.57593215,a bike in poor condition,0.24512786,a bike in fair condition,0.17893995,https://www.facebook.com/marketplace/item/555492804319541,https://scontent-lax3-1.xx.fbcdn.net/v/t45.5328-4/541887961_1554309998916767_1689949366916383347_n.jpg?stp=c101.0.260.260a_dst-jpg_p261x260_tt6&_nc_cat=108&ccb=1-7&_nc_sid=247b10&_nc_ohc=YEua1GG08KwQ7kNvwEvCKL9&_nc_oc=AdkjUhpHXFdy-BrfeTcsG0zZZxbu2YDpWdDCS3EBr_Qrn5FRu3q39CNihmlV4XPZ6yysEdK-OXpgehY8Sck6xiA2&_nc_zt=23&_nc_ht=scontent-lax3-1.xx&_nc_gid=8-DEcySt5NX0uzg96HWUyg&oh=00_AfabD8_9kMMH__D_qwBug_Qk8fDC6nnv0mOy_LscmirMPw&oe=68BD79B6
2049827508863065,Bike,$45,"San Diego, CA",a bike,0.0,llama3_8b,bike,,a bike in poor condition,0.59298843,a bike in good condition,0.2744911,a bike in fair condition,0.13252045,https://www.facebook.com/marketplace/item/2049827508863065,https://scontent-lax3-1.xx.fbcdn.net/v/t45.5328-4/476113431_1367095997620485_13238442114207723_n.jpg?stp=c43.0.260.260a_dst-jpg_p261x260_tt6&_nc_cat=108&ccb=1-7&_nc_sid=247b10&_nc_ohc=vgj9kPArlBMQ7kNvwEsI73W&_nc_oc=AdnO4NFovoo_GiO1vTA1TzTxWZPV5vqIlnZUQDaMb2XhsI8XTw1iecjxuoyCsY3sJt43UG9Vei0SeTcmm5WqAwCw&_nc_zt=23&_nc_ht=scontent-lax3-1.xx&_nc_gid=vKzan1MBsubXvyKJss7JwQ&oh=00_Afb3VbJnW5fjuuoYNhxmnvqNZFSy-ExSdeVpez_0SI6VWw&oe=68BD8E77
617579054552096,Beach bike,$45,"Cathedral City, CA",a bike,0.0,llama3_8b,bike,,a bike in good condition,0.42195955,a bike in poor condition,0.41162312,a bike in fair condition,0.1664174,https://www.facebook.com/marketplace/item/617579054552096,https://scontent-lax3-2.xx.fbcdn.net/v/t45.5328-4/542940021_1303654568032271_6476986797203903914_n.jpg?stp=c0.43.261.261a_dst-jpg_p261x260_tt6&_nc_cat=100&ccb=1-7&_nc_sid=247b10&_nc_ohc=T88cK246Sc4Q7kNvwFAUOht&_nc_oc=AdlOChry2B6hNgSixdKbx4Uh2JhSKidKwkxo540mEAZGIcEQkzvWwSmu_y-yfc9R7zOVt35SzZdciRTlQXxLP4kr&_nc_zt=23&_nc_ht=scontent-lax3-2.xx&_nc_gid=vgJcLvSRdsysMEMH1qI1tQ&oh=00_AfZXhbnEEkh1yzetl5uDGdiG71uR6NQBgy0AL8oRlq7z4w&oe=68BD7255
1958008214662845,Diamondback Mountain Bike,$45,"San Diego, CA",a bike,0.0,llama3_8b,bike,,a bike in poor condition,0.648534,a bike in fair condition,0.19950351,a bike in good condition,0.15196255,https://www.facebook.com/marketplace/item/1958008214662845,https://scontent-lax3-2.xx.fbcdn.net/v/t45.5328-4/463962300_945424770967311_3203521189094270754_n.jpg?stp=c0.43.261.261a_dst-jpg_p261x260_tt6&_nc_cat=100&ccb=1-7&_nc_sid=247b10&_nc_ohc=-McI_Jwg53gQ7kNvwGsg6LJ&_nc_oc=AdlAGrVr6qpZrruD0a___gCL0WAkE0vgFGgZOsQ-e-3W1vg3jXsrg8lvJPfvkuOjdnE__nW9HZLe99mASqvtvaqP&_nc_zt=23&_nc_ht=scontent-lax3-2.xx&_nc_gid=8-DEcySt5NX0uzg96HWUyg&oh=00_Afaeh8EU6KJzxllEiyHzCRtDT4nl4fVlLan6iDclLLDY7w&oe=68BD8FB0
1864224090973425,beach cruiser bike north rock,$50,"Oceanside, CA",a bike,0.0,llama3_8b,bike,,a bike in good condition,0.5732888,a bike in poor condition,0.2595762,a bike in fair condition,0.16713499,https://www.facebook.com/marketplace/item/1864224090973425,https://scontent-lax3-2.xx.fbcdn.net/v/t45.5328-4/541270068_1081390690815618_6659295958474418712_n.jpg?stp=c151.0.260.260a_dst-jpg_p261x260_tt6&_nc_cat=106&ccb=1-7&_nc_sid=247b10&_nc_ohc=k6TTDVH7cKIQ7kNvwH0A_Zs&_nc_oc=AdnaSms8NEVNVdXzmWe_u3pzcUOyOWNOCrobRH8dXF1Kdbj66YQG6Sff61pa_wn2rmznRs-P1EhWjZ9VTGoqFVSd&_nc_zt=23&_nc_ht=scontent-lax3-2.xx&_nc_gid=8-DEcySt5NX0uzg96HWUyg&oh=00_AfaqFGA-WMb8e-0lGhpTXu9bcWE1toVz3162GMc5CDy_6A&oe=68BD8E75
1102755754806426,Huffy Bike,$50,"San Diego, CA",a bike,0.0,llama3_8b,bike,,a bike in good condition,0.64811754,a bike in poor condition,0.28842717,a bike in fair condition,0.06345531,https://www.facebook.com/marketplace/item/1102755754806426,https://scontent-lax3-1.xx.fbcdn.net/v/t45.5328-4/541322900_1093811706234681_333967711705281583_n.jpg?stp=c100.0.260.260a_dst-jpg_p261x260_tt6&_nc_cat=110&ccb=1-7&_nc_sid=247b10&_nc_ohc=7xfBt-Czm8IQ7kNvwG2kUHM&_nc_oc=Adl4CGfRqOu-wHg5eaFIQGVX3SCMP6n5pPr1sTMMnX3nwlWGTS9-J1eFOLU0bTbWvGLOP1Vplk4cPKhiqAcSOKxf&_nc_zt=23&_nc_ht=scontent-lax3-1.xx&_nc_gid=KSTfipGwvJMTFWSPcAKvag&oh=00_AfYI-7TaxRsucQj2vm0rRG_nm4wQm2rU8iIEmlnBXcUB8A&oe=68BD75EA
1185294323632753,"Electra Cruiser 26"" 1 Step over ""Modern Series""",$50,"Escondido, CA",a bike,0.0,llama3_8b,bike,,a bike in good condition,0.54844636,a bike in poor condition,0.3217472,a bike in fair condition,0.12980635,https://www.facebook.com/marketplace/item/1185294323632753,https://scontent-lax3-2.xx.fbcdn.net/v/t45.5328-4/540476474_815042174420614_6039173179673187218_n.jpg?stp=c0.43.261.261a_dst-jpg_p261x260_tt6&_nc_cat=100&ccb=1-7&_nc_sid=247b10&_nc_ohc=OEK6cOubmdMQ7kNvwEkgqxj&_nc_oc=Adk234-YNeE6KpoDtW74FZCEIpiJZ1t-Jq5_-8jyMd1uwhDbC6pfQMK59-w4CtT9LNJYgDSXE6T6bGOH8JSdZWG3&_nc_zt=23&_nc_ht=scontent-lax3-2.xx&_nc_gid=vKzan1MBsubXvyKJss7JwQ&oh=00_AfbdUU5VZHJiiTttjHCz57NnQt9SttSiXVoDPX6U2q3CDg&oe=68BD80A1
628501450025976,Huffy mountain bike,$50,"Escondido, CA",a bike,0.0,llama3_8b,bike,,a bike in good condition,0.48874283,a bike in poor condition,0.2829339,a bike in fair condition,0.22832325,https://www.facebook.com/marketplace/item/628501450025976,https://scontent-lax3-2.xx.fbcdn.net/v/t45.5328-4/541467441_1502174964272532_2777779616989264719_n.jpg?stp=c151.0.260.260a_dst-jpg_p261x260_tt6&_nc_cat=100&ccb=1-7&_nc_sid=247b10&_nc_ohc=KdQUvhQcp5IQ7kNvwH9nwT7&_nc_oc=AdmgYdIgGOMF8vlSdfAQ_u1FF1GxZ_RO9gIzYZNyDh2vJRjbZgY71NXs25mgVTjlZ3jan8ZE9zVshVBYnHiUoAwc&_nc_zt=23&_nc_ht=scontent-lax3-2.xx&_nc_gid=Vb3ddURDlHyJk6BU86aNig&oh=00_AfaHxRlhuRlHGl9bLh0KlWhWT_UdUnygogdwyCFDZQe4Ig&oe=68BD6C9E
1054192059908452,Bike,$50,"La Mesa, CA",a bike,0.0,llama3_8b,bike,,a bike in good condition,0.58471555,a bike in poor condition,0.30642673,a bike in fair condition,0.10885773,https://www.facebook.com/marketplace/item/1054192059908452,https://scontent-lax3-1.xx.fbcdn.net/v/t45.5328-4/539943478_806670988374859_6237048385861150812_n.jpg?stp=c43.0.260.260a_dst-jpg_p261x260_tt6&_nc_cat=104&ccb=1-7&_nc_sid=247b10&_nc_ohc=fiPZcmXIJvYQ7kNvwEXmWay&_nc_oc=Adk7uiMTSNmzPXCKsOprgVlFRHjBmXNePjAq5ftMOSyPXSI95FOkbhe5uvocADtOAawofizAoRvVi2NCi9cy18Lc&_nc_zt=23&_nc_ht=scontent-lax3-1.xx&_nc_gid=vKzan1MBsubXvyKJss7JwQ&oh=00_AfahljioZVv-8KQAz_R3miDoJT_Seq4jX6CzX4FVzFrAIQ&oe=68BD6F07
1579275283037663,Bike,$50,"El Cajon, CA",a bike,0.0,llama3_8b,bike,,a bike in good condition,0.61966884,a bike in poor condition,0.2684954,a bike in fair condition,0.1118357,https://www.facebook.com/marketplace/item/1579275283037663,https://scontent-lax3-2.xx.fbcdn.net/v/t45.5328-4/541884372_2476803962688927_5400818954982093774_n.jpg?stp=c43.0.260.260a_dst-jpg_p261x260_tt6&_nc_cat=101&ccb=1-7&_nc_sid=247b10&_nc_ohc=sn_9VAt3XSwQ7kNvwFLlYwk&_nc_oc=AdkiC7PLRl5Lr9GM0_pRALkTU8SAdOWJqo_9n1sT7tuXTQeoC-4wmOgjRyDPBLxYDGHkS6lh7kPhDqXvQmgzI0jj&_nc_zt=23&_nc_ht=scontent-lax3-2.xx&_nc_gid=vgJcLvSRdsysMEMH1qI1tQ&oh=00_AfbMxL18PV-i9yy5qD_bWW5gOkAvjBxo9o_65BOOB5zF2w&oe=68BD896B
30450881634527594,Bike,$50,"Escondido, CA",a bike,0.0,llama3_8b,bike,,a bike in poor condition,0.45363018,a bike in good condition,0.45352116,a bike in fair condition,0.09284867,https://www.facebook.com/marketplace/item/30450881634527594,https://scontent-lax3-1.xx.fbcdn.net/v/t45.5328-4/517931872_1259399548867526_8884948492321663618_n.jpg?stp=c43.0.260.260a_dst-jpg_p261x260_tt6&_nc_cat=104&ccb=1-7&_nc_sid=247b10&_nc_ohc=47mgDhjB0xYQ7kNvwFZZ2kP&_nc_oc=Adl8h0X3ua-zJ2Wp86u6KUlA53bNZUX55YrkbYmSyZADMKnDZYsxcg1viD3pAVL3RzTjGYJLc9IdtV47RmKOpvpX&_nc_zt=23&_nc_ht=scontent-lax3-1.xx&_nc_gid=8-DEcySt5NX0uzg96HWUyg&oh=00_Afa8JZfoQWlDx5ZbrXQoBBqzf5M5lp-ye5a77uIzAR64wQ&oe=68BD9597
24872319975741470,Schwinn Bike-Price Drop!!,$50,"Temecula, CA",a bike,0.0,llama3_8b,bike,,a bike in good condition,0.4471904,a bike in poor condition,0.4290216,a bike in fair condition,0.12378797,https://www.facebook.com/marketplace/item/24872319975741470,https://scontent-lax3-2.xx.fbcdn.net/v/t45.5328-4/534904759_1321038559412365_4032896035012123695_n.jpg?stp=c43.0.260.260a_dst-jpg_p261x260_tt6&_nc_cat=103&ccb=1-7&_nc_sid=247b10&_nc_ohc=KveB7Yz2XOQQ7kNvwGYRF9t&_nc_oc=Adn-vPqKStmwlTpdCmeP3u5JjLCLqxs4v0D1UJrshtBLcXLgBG3LtEa7G4jp-l3FJr_JngjfammZWcv_QTJhP3NA&_nc_zt=23&_nc_ht=scontent-lax3-2.xx&_nc_gid=vgJcLvSRdsysMEMH1qI1tQ&oh=00_AfZwguHhDadJBQSHz7J1sFHaStzSNxcN8XVz_Pnks4rg5w&oe=68BD794E
24648205868108456,Huffy kids bike,$50,"San Marcos, CA",a bike,0.0,llama3_8b,bike,,a bike in good condition,0.6716606,a bike in poor condition,0.19261612,a bike in fair condition,0.13572335,https://www.facebook.com/marketplace/item/24648205868108456,https://scontent-lax3-2.xx.fbcdn.net/v/t45.5328-4/541560510_1433792044567582_1811811640312504395_n.jpg?stp=c0.152.261.261a_dst-jpg_p261x260_tt6&_nc_cat=101&ccb=1-7&_nc_sid=247b10&_nc_ohc=wmeduf649Z4Q7kNvwHXwBuX&_nc_oc=Adl7pWx63tBddyzkKgfWpKUrhZjT1TbIGVLstvuslCVg_E_4ACbJ2QLbnqxRAhZ8OsmkHi7RSCRWqhYH_aJvEUun&_nc_zt=23&_nc_ht=scontent-lax3-2.xx&_nc_gid=vgJcLvSRdsysMEMH1qI1tQ&oh=00_AfaJHbxk4YwzGKXc6rPFjzNlG4AO-lfOzJ_cfdF4YHiqdQ&oe=68BD8DB7
23900960186258962,Adult beach bike,$50,"Bonita, CA",a bike,0.0,llama3_8b,bike,,a bike in poor condition,0.41352627,a bike in good condition,0.39842916,a bike in fair condition,0.18804456,https://www.facebook.com/marketplace/item/23900960186258962,https://scontent-lax3-2.xx.fbcdn.net/v/t45.5328-4/510438912_729072159489328_2448069325929922506_n.jpg?stp=c15.0.260.260a_dst-jpg_p261x260_tt6&_nc_cat=111&ccb=1-7&_nc_sid=247b10&_nc_ohc=r3W7b3HAm3cQ7kNvwGyDn9h&_nc_oc=AdkKx7VvxhyNnmv6es9_hvqjwcBiqvTqELdKmMijBEchDUvlyeWP1fojkzIJ4aoXRBZ_4K_vXJJOgMQiGmkM34g2&_nc_zt=23&_nc_ht=scontent-lax3-2.xx&_nc_gid=vKzan1MBsubXvyKJss7JwQ&oh=00_Afash5FAQETi5KfFnFLuf2uarKD_l_8oLTSY7WJw7LGESw&oe=68BD7A25
2270290613407863,TREK Mountain Bike,$50,"San Diego, CA",a bike,0.0,llama3_8b,bike,,a bike in good condition,0.4393468,a bike in poor condition,0.42169207,a bike in fair condition,0.1389612,https://www.facebook.com/marketplace/item/2270290613407863,https://scontent-lax3-1.xx.fbcdn.net/v/t45.5328-4/542110168_2210117829463716_8057903839063033005_n.jpg?stp=c43.0.260.260a_dst-jpg_p261x260_tt6&_nc_cat=109&ccb=1-7&_nc_sid=247b10&_nc_ohc=fSOj4-Ncz6oQ7kNvwH7UpWS&_nc_oc=AdlVImyw53mjkAEv83OIsCK0IfiuUAMiAW6POMrfoNaYryLFkRDEGOTrrWVypyNP-G8kYxQideKoho1KYP2gpjA5&_nc_zt=23&_nc_ht=scontent-lax3-1.xx&_nc_gid=vKzan1MBsubXvyKJss7JwQ&oh=00_AfbD3YcNcLtm-nxPTsKi-RBw58uJvCRO9vvlAaKmiI_fmQ&oe=68BD6C4C
633423713044996,Bike,$60,"Santee, CA",a bike,0.0,llama3_8b,bike,,a bike in good condition,0.49010742,a bike in poor condition,0.4203224,a bike in fair condition,0.08957018,https://www.facebook.com/marketplace/item/633423713044996,https://scontent-lax3-1.xx.fbcdn.net/v/t45.5328-4/507138770_2224059101442952_8164244111706418148_n.jpg?stp=c0.43.261.261a_dst-jpg_p261x260_tt6&_nc_cat=105&ccb=1-7&_nc_sid=247b10&_nc_ohc=j6kcRyU9lOMQ7kNvwGf1mhQ&_nc_oc=AdmVa5_jsLl2iKPMucgroXKIKo_Vlk90AVmYoHj3ipMXi-KVLg-1F0CLMjhKU-4l_r8yajrDEIWrxkvV-fF0FCpy&_nc_zt=23&_nc_ht=scontent-lax3-1.xx&_nc_gid=8-DEcySt5NX0uzg96HWUyg&oh=00_Afbu9dqD0nW3eQwbFKBo8EQSWZDRCnWZFcw4mNomLcxM2Q&oe=68BD62DB
684241461271552,Crossing bike,$60,"Indio, CA",a bike,0.0,llama3_8b,bike,,a bike in good condition,0.43086186,a bike in poor condition,0.38027126,a bike in fair condition,0.18886687,https://www.facebook.com/marketplace/item/684241461271552,https://scontent-lax3-2.xx.fbcdn.net/v/t45.5328-4/519460434_1970474887032854_1209316849736684494_n.jpg?stp=c0.152.261.261a_dst-jpg_p261x260_tt6&_nc_cat=101&ccb=1-7&_nc_sid=247b10&_nc_ohc=miCBvusCX4wQ7kNvwEd1NBH&_nc_oc=AdliUb6sBMg_JDE5GuMwxk5d2AaqcN6vdEJzp9wuvlX97t_Urk_phLyQOWAPMLiP_8vIE5TY1RF2kLHSw4yi1hIw&_nc_zt=23&_nc_ht=scontent-lax3-2.xx&_nc_gid=8-DEcySt5NX0uzg96HWUyg&oh=00_Afasfhy3c0w0c5ILkuqId9pkp2TAtNCUuroUS2q6CB7M3w&oe=68BD8F38
629812923218512,Scott Junior 24 bike for youth,$60,"San Diego, CA",a bike,0.0,llama3_8b,bike,,a bike in poor condition,0.49400327,a bike in good condition,0.29253098,a bike in fair condition,0.2134658,https://www.facebook.com/marketplace/item/629812923218512,https://scontent-lax3-1.xx.fbcdn.net/v/t45.5328-4/539660623_2152028831960060_5582489172704452729_n.jpg?stp=c158.0.260.260a_dst-jpg_p261x260_tt6&_nc_cat=102&ccb=1-7&_nc_sid=247b10&_nc_ohc=VyBferPdMYEQ7kNvwE2_gKH&_nc_oc=Adn_pGgQyd5rC13kdGKhcyD4-fTN7H9CvVTDJ69jXdJ4QkCxSOOxU3FdUOwIw71HUWJS0CNSZxlpTTeh8ilOfwAv&_nc_zt=23&_nc_ht=scontent-lax3-1.xx&_nc_gid=8-DEcySt5NX0uzg96HWUyg&oh=00_AfbjcjizExmy006bUxixQm13uRewpUnWmOverIeJXg5KBQ&oe=68BD85FA
1847556622315755,Bike,$60,"Escondido, CA",a bike,0.0,llama3_8b,bike,,a bike in poor condition,0.49586567,a bike in good condition,0.27626628,a bike in fair condition,0.22786807,https://www.facebook.com/marketplace/item/1847556622315755,https://scontent-lax3-2.xx.fbcdn.net/v/t45.5328-4/468540366_893028002964968_3469568239209658944_n.jpg?stp=c43.0.260.260a_dst-jpg_p261x260_tt6&_nc_cat=103&ccb=1-7&_nc_sid=247b10&_nc_ohc=SchElAsV4E8Q7kNvwGjUVwU&_nc_oc=AdkCUjv3Co38pRn6Zqomya1IWCMZQ7mdK3573KUaidIxx63vM5l-dC11KFGEXMvY5QtVnlxABm3LxExWaOlou9Ef&_nc_zt=23&_nc_ht=scontent-lax3-2.xx&_nc_gid=8-DEcySt5NX0uzg96HWUyg&oh=00_AfY5mGacdCZkdwTuidyCdSQ-8GRqgpcXHQ4ykDfBp2iMZw&oe=68BD6BA7
1273628014234560,Beach Cruiser Bike,$65,"San Diego, CA",a bike,0.0,llama3_8b,bike,,a bike in good condition,0.55529183,a bike in poor condition,0.3163873,a bike in fair condition,0.12832084,https://www.facebook.com/marketplace/item/1273628014234560,https://scontent-lax3-2.xx.fbcdn.net/v/t45.5328-4/541494083_1519241406106678_9199431985278627808_n.jpg?stp=c0.43.261.261a_dst-jpg_p261x260_tt6&_nc_cat=111&ccb=1-7&_nc_sid=247b10&_nc_ohc=k8qbx-DNCdAQ7kNvwFoa5Mh&_nc_oc=AdlFndxneOD90Uk24xJ4B-cquNOvy7_Lgwtwf6ZdPOF2Ry9NqaG0cgmk17HOf9ojs8L2ER_Ji04SXIcaq0YBVKw8&_nc_zt=23&_nc_ht=scontent-lax3-2.xx&_nc_gid=8-DEcySt5NX0uzg96HWUyg&oh=00_AfZmbOQe_abV1E2Xu_8_AX3mJ6pVqhai6EdFHhNgUfiiyA&oe=68BD8836
2794104834125544,Bike,$70,"Lakeside, CA",a bike,0.0,llama3_8b,bike,,a bike in good condition,0.64941704,a bike in poor condition,0.23112875,a bike in fair condition,0.11945421,https://www.facebook.com/marketplace/item/2794104834125544,https://scontent-lax3-1.xx.fbcdn.net/v/t45.5328-4/540695404_737520305945602_6786052116527034189_n.jpg?stp=c100.0.260.260a_dst-jpg_p261x260_tt6&_nc_cat=104&ccb=1-7&_nc_sid=247b10&_nc_ohc=nOBdxxAYg9IQ7kNvwGqS5tM&_nc_oc=AdkQn9i1GjA69zamQAkOtr4Qk0ImdWjgYIdpRggoBZ3A-8gLLNWqMRp4mH1hXvqRs_teBcsa1LxT1YZKuBajFgf5&_nc_zt=23&_nc_ht=scontent-lax3-1.xx&_nc_gid=Vb3ddURDlHyJk6BU86aNig&oh=00_Afa8ThUWaleE7BGmVz6YOFTslKW3oWouD3F1j8AsGmHPJQ&oe=68BD7246
970230477382475,Kids Bike,$70,"Ramona, CA",a bike,0.0,llama3_8b,bike,,a bike in good condition,0.7600924,a bike in fair condition,0.14950044,a bike in poor condition,0.0904072,https://www.facebook.com/marketplace/item/970230477382475,https://scontent-lax3-2.xx.fbcdn.net/v/t45.5328-4/376291013_7342688165763702_3784360171094858778_n.jpg?stp=c0.151.261.261a_dst-jpg_p261x260_tt6&_nc_cat=107&ccb=1-7&_nc_sid=247b10&_nc_ohc=-w9m0zZpKToQ7kNvwF5jq9M&_nc_oc=AdnpsNehvwUfZ274CXRYhHxPci5wcXGRnZhMtPoMJbjU3LbyInEz2cw2cEhyRQ-PFTfyb_3fQh-IE7r22OjKy7yt&_nc_zt=23&_nc_ht=scontent-lax3-2.xx&_nc_gid=vKzan1MBsubXvyKJss7JwQ&oh=00_AfYTCeKasAj6P1jdjz9qtFnpGAdZ7kWxMa3OQqco7jeiDw&oe=68BD84EB
1125634069666990,Bike,$70,"Murrieta, CA",a bike,0.0,llama3_8b,bike,,a bike in good condition,0.56184214,a bike in poor condition,0.2309039,a bike in fair condition,0.2072539,https://www.facebook.com/marketplace/item/1125634069666990,https://scontent-lax3-2.xx.fbcdn.net/v/t45.5328-4/541577569_1060555575882319_7140535239576152785_n.jpg?stp=c0.43.261.261a_dst-jpg_p261x260_tt6&_nc_cat=100&ccb=1-7&_nc_sid=247b10&_nc_ohc=lwJspo84-1wQ7kNvwGeLBDu&_nc_oc=Adm8xMtlPQHMWXISLa9YZ1RlxSYm-olxCebq-gbTBtV8M-rsgVkw4NVjFPcr6O-dtDLjr0Ip_38L2Ww0kGapa0BY&_nc_zt=23&_nc_ht=scontent-lax3-2.xx&_nc_gid=8-DEcySt5NX0uzg96HWUyg&oh=00_AfYiEbgNdQmIuyVMSzZQK6TvBfEdC0ieyclj8M3sdOJqog&oe=68BD8C16
652783124479597,700c Kent Ridgeland Hybrid Bike,$70,"Bonita, CA",a bike,0.0,llama3_8b,bike,,a bike in good condition,0.60865617,a bike in poor condition,0.21688277,a bike in fair condition,0.1744611,https://www.facebook.com/marketplace/item/652783124479597,https://scontent-lax3-1.xx.fbcdn.net/v/t45.5328-4/503080306_1890155365110826_1790410213653455524_n.jpg?stp=c43.0.260.260a_dst-jpg_p261x260_tt6&_nc_cat=108&ccb=1-7&_nc_sid=247b10&_nc_ohc=ccdOJCjz5ZQQ7kNvwEk1mOR&_nc_oc=AdltbSE0s4F5oTWupfpYq9L0YCTDd8JpRdmlxu1-iDTdm_cm2Vp-3LUi2jTp_EsuuUeFjdrt05BGl74yS_KV_ojf&_nc_zt=23&_nc_ht=scontent-lax3-1.xx&_nc_gid=8-DEcySt5NX0uzg96HWUyg&oh=00_AfZM-MJUexrpq65S0kgNs2gCBQ0B51dxUSQ7Qz-hQxyXMQ&oe=68BD8B2E
1272012374654318,"20"" BMX Bike",$75,"Temecula, CA",a bike,0.0,llama3_8b,bike,,a bike in good condition,0.7093599,a bike in fair condition,0.15716352,a bike in poor condition,0.1334766,https://www.facebook.com/marketplace/item/1272012374654318,https://scontent-lax3-2.xx.fbcdn.net/v/t45.5328-4/540306676_1086103213670513_2521074027122867244_n.jpg?stp=c0.43.261.261a_dst-jpg_p261x260_tt6&_nc_cat=103&ccb=1-7&_nc_sid=247b10&_nc_ohc=-qebSfx-VagQ7kNvwGunuMr&_nc_oc=AdkFlTFXxH_nVyc3doObmZhWflEODKja1dbNjGV_zm3nu6Iyv-8y1BVxyP9RKc16l_Fk0nAGesqklq0IWiCQLyeI&_nc_zt=23&_nc_ht=scontent-lax3-2.xx&_nc_gid=8-DEcySt5NX0uzg96HWUyg&oh=00_AfZ4CXgN7lfFCoEzeanR13KJprlIApG63kPiFwW-skj-JQ&oe=68BD88A4
1776020239671841,Trek Youth sized bike,$75,"Poway, CA",a bike,0.0,llama3_8b,bike,,a bike in good condition,0.5183948,a bike in poor condition,0.3832105,a bike in fair condition,0.09839464,https://www.facebook.com/marketplace/item/1776020239671841,https://scontent-lax3-2.xx.fbcdn.net/v/t45.5328-4/540324324_1125500126179312_7011329469291389669_n.jpg?stp=c0.43.261.261a_dst-jpg_p261x260_tt6&_nc_cat=111&ccb=1-7&_nc_sid=247b10&_nc_ohc=kk7JO2tYivQQ7kNvwHyTxDe&_nc_oc=AdmuJqcxZQVWVAxybrTu_2eK0wMgwDoxP1X7J__Oy3jmx38k0vgCMcRmxjYpHYkBRGPZAT_0KZVwHN7UUQJLlfmO&_nc_zt=23&_nc_ht=scontent-lax3-2.xx&_nc_gid=8-DEcySt5NX0uzg96HWUyg&oh=00_AfZ80A1K9oLOmP4zPa6mAJTdr-myrYKQcZ8dkR71jbNT_A&oe=68BD9113
4201960726747551,Mountain bike,$100,"El Cajon, CA",a bike,0.0,llama3_8b,bike,,a bike in good condition,0.3930483,a bike in poor condition,0.3591382,a bike in fair condition,0.24781351,https://www.facebook.com/marketplace/item/4201960726747551,https://scontent-lax3-2.xx.fbcdn.net/v/t45.5328-4/543349562_1498214548038917_1087892873355131252_n.jpg?stp=c0.43.261.261a_dst-jpg_p261x260_tt6&_nc_cat=111&ccb=1-7&_nc_sid=247b10&_nc_ohc=Why8k-UeHzEQ7kNvwE4JKId&_nc_oc=AdloALCwvRvfZR7fzffsuFONJ9RMrRlWsDOmS5Xx_CTRbVoHc1xUv6Keqwv6Oaa3LslBtANSYSNPypCq7ECIRToU&_nc_zt=23&_nc_ht=scontent-lax3-2.xx&_nc_gid=8-DEcySt5NX0uzg96HWUyg&oh=00_Afa5VUmYi39zugffldP_zaUpBuk-ckPe140-EvvRSMz0Vg&oe=68BD6902
731635813035777,Kent Rage 26‚Äô Mountain Bike,$100,"Poway, CA",a bike,0.0,llama3_8b,bike,,a bike in good condition,0.724543,a bike in poor condition,0.19987908,a bike in fair condition,0.07557799,https://www.facebook.com/marketplace/item/731635813035777,https://scontent-lax3-1.xx.fbcdn.net/v/t45.5328-4/540507252_1512539650166141_1313976926918904161_n.jpg?stp=c0.43.261.261a_dst-jpg_p261x260_tt6&_nc_cat=105&ccb=1-7&_nc_sid=247b10&_nc_ohc=Kuk4EraP8hYQ7kNvwG932eT&_nc_oc=AdkQMHkMFL501b-d8T83TEKdgIWitEsKu-2K7aqgBDIK-9p1TQ_hOdmpVk4Uq1cMcQhIQdjjF39MAkM30MTBgKF7&_nc_zt=23&_nc_ht=scontent-lax3-1.xx&_nc_gid=vKzan1MBsubXvyKJss7JwQ&oh=00_Afblc6EO6_JfV-kdlsL0CsnffB126lgQJIU6FPkEj6thPw&oe=68BD93D7
1132986938727707,20 inch bmx bike,$100,"Chula Vista, CA",a bike,0.0,llama3_8b,bike,,a bike in good condition,0.68855804,a bike in poor condition,0.20008239,a bike in fair condition,0.11135965,https://www.facebook.com/marketplace/item/1132986938727707,https://scontent-lax3-2.xx.fbcdn.net/v/t45.5328-4/541300033_1786954591990364_3330981364737467308_n.jpg?stp=c0.43.261.261a_dst-jpg_p261x260_tt6&_nc_cat=111&ccb=1-7&_nc_sid=247b10&_nc_ohc=tLsSXP3WVdwQ7kNvwF-EWxb&_nc_oc=AdkjsbX1DvXncdrz3JJabWkjL6xK-Eisb2ktOzvjQIDfSdoNu41BPTO7w7XTa6Q667AiL60qPqsTXGJcwm9B_cKx&_nc_zt=23&_nc_ht=scontent-lax3-2.xx&_nc_gid=KSTfipGwvJMTFWSPcAKvag&oh=00_AfaSHraVnn_tExYVe5vF2kBgqrqyK3VWxgrv6mxkoxvj5g&oe=68BD6977
489891376851154,Fat tire mountain bike,$150,"El Cajon, CA",a bike,0.0,llama3_8b,bike,,a bike in good condition,0.6242881,a bike in poor condition,0.24693933,a bike in fair condition,0.12877263,https://www.facebook.com/marketplace/item/489891376851154,https://scontent-lax3-1.xx.fbcdn.net/v/t45.5328-4/426463387_3801304386820478_800552553389196133_n.jpg?stp=c0.43.261.261a_dst-jpg_p261x260_tt6&_nc_cat=110&ccb=1-7&_nc_sid=247b10&_nc_ohc=yNgn_cslWNgQ7kNvwETsQq7&_nc_oc=AdnSLPxgJL69EGmV5eAiu4PjM_Tw5yrbgH5gBbLqbjUO26BzpV61DXe8d6ZL7aOHusX1jEkMKGYr0Llt_YMlCwSS&_nc_zt=23&_nc_ht=scontent-lax3-1.xx&_nc_gid=8-DEcySt5NX0uzg96HWUyg&oh=00_AfZjNTsfNlVz7OTMTn9m-gX0x4UnljAKwClnWizjrRMwvA&oe=68BD92EA
705892272218355,Brand new bike,$150,"Ramona, CA",a bike,0.0,llama3_8b,bike,,a bike in good condition,0.4732429,a bike in poor condition,0.3395514,a bike in fair condition,0.18720573,https://www.facebook.com/marketplace/item/705892272218355,https://scontent-lax3-2.xx.fbcdn.net/v/t45.5328-4/503171726_555420344310258_8827586690144201663_n.jpg?stp=c43.0.260.260a_dst-jpg_p261x260_tt6&_nc_cat=101&ccb=1-7&_nc_sid=247b10&_nc_ohc=1oGa1QBapcEQ7kNvwEdqTaC&_nc_oc=Adl4p_PAM_5Hr-In1hu30e5sxsWxRPbAfEnwW53XzscJXpv3vLm3aPRCi07DptX3rGUkSniamIsSnl-yo7qdx_J4&_nc_zt=23&_nc_ht=scontent-lax3-2.xx&_nc_gid=vKzan1MBsubXvyKJss7JwQ&oh=00_AfawtzreXElMmTX5Xx7FdTG-6O1pekb5ffG-iwjiukckww&oe=68BD8BEF
1220255159636405,Bikes 4.   Offer ok,$160,"Escondido, CA",a bike,0.0,llama3_8b,bike,,a bike in good condition,0.50962985,a bike in poor condition,0.31491545,a bike in fair condition,0.1754548,https://www.facebook.com/marketplace/item/1220255159636405,https://scontent-lax3-2.xx.fbcdn.net/v/t45.5328-4/481383070_1370916014265640_289918915362464041_n.jpg?stp=c0.43.261.261a_dst-jpg_p261x260_tt6&_nc_cat=107&ccb=1-7&_nc_sid=247b10&_nc_ohc=S9fNcWotzNsQ7kNvwFAoMpq&_nc_oc=Adna9wy3qM__SIKmb_rFy397mz_sBPRdGnLInFnVnM7hgge7hVbC_1353M_oLYBB0PkpbqJpAatlvqQQ_XNqGkgD&_nc_zt=23&_nc_ht=scontent-lax3-2.xx&_nc_gid=KSTfipGwvJMTFWSPcAKvag&oh=00_Afa3L2kIgA7zd4eQOv8J0uSfVFmrLvgiDQO9hiAMT9djaA&oe=68BD636C
1276364206993847,Bike,$175,"Valley Center, CA",a bike,0.0,llama3_8b,bike,,a bike in good condition,0.766891,a bike in poor condition,0.16876978,a bike in fair condition,0.06433917,https://www.facebook.com/marketplace/item/1276364206993847,https://scontent-lax3-2.xx.fbcdn.net/v/t45.5328-4/540750397_24413288618326514_4564057370742246095_n.jpg?stp=c0.43.261.261a_dst-jpg_p261x260_tt6&_nc_cat=100&ccb=1-7&_nc_sid=247b10&_nc_ohc=XuLQTe4g3JQQ7kNvwGZIFph&_nc_oc=Adm3xRhTXoQcqGXIlokKnjdOhXLt6IhTCLeJWacP6mXd0Ddlh67ILDj9c3TWnEBuPdQL_ZBff-XRgvOzqz_SZgRA&_nc_zt=23&_nc_ht=scontent-lax3-2.xx&_nc_gid=8-DEcySt5NX0uzg96HWUyg&oh=00_AfbfL_aNefCWA5wGBolUbYgHH6cPSzLto_yJgfgA-HwUNQ&oe=68BD9230
1256887716221969,Liv Enchant bike,$175,"Ramona, CA",a bike,0.0,llama3_8b,bike,,a bike in good condition,0.48717913,a bike in poor condition,0.3655637,a bike in fair condition,0.1472572,https://www.facebook.com/marketplace/item/1256887716221969,https://scontent-lax3-2.xx.fbcdn.net/v/t45.5328-4/516875684_1405557487355940_8200687431954852627_n.jpg?stp=c0.101.261.261a_dst-jpg_p261x260_tt6&_nc_cat=111&ccb=1-7&_nc_sid=247b10&_nc_ohc=Pgyr6ziTiWMQ7kNvwGkfR4D&_nc_oc=AdlJKuHBAQZgv5gvL0WdL50fd1LF0_5o5gofY7WIwwJhaO8E6QDiIZNGm4CdjtOd4YaYxj7AiTUpWU47ii4IUm6R&_nc_zt=23&_nc_ht=scontent-lax3-2.xx&_nc_gid=Vb3ddURDlHyJk6BU86aNig&oh=00_AfalPhCUn9ugP2gooyq61nCq4C-gk3nyqxWKPSaIDfKmSQ&oe=68BD688A
1877677749847441,Mountain Bike,$200,"Ramona, CA",a bike,0.0,llama3_8b,bike,,a bike in good condition,0.7590598,a bike in poor condition,0.13512896,a bike in fair condition,0.10581136,https://www.facebook.com/marketplace/item/1877677749847441,https://scontent-lax3-1.xx.fbcdn.net/v/t45.5328-4/539607117_664632612739538_6207480062122823739_n.jpg?stp=c0.43.261.261a_dst-jpg_p261x260_tt6&_nc_cat=102&ccb=1-7&_nc_sid=247b10&_nc_ohc=R0_3948g9GYQ7kNvwGl6nAO&_nc_oc=AdnCBN5Y9NDHo3l7whTxI_f1YgPk2eZCN3CUX33lM6djl6w78bOV2x190QjB9ObKiwM8cFNU-pxSmlpJ-fjRFnFs&_nc_zt=23&_nc_ht=scontent-lax3-1.xx&_nc_gid=8-DEcySt5NX0uzg96HWUyg&oh=00_Afb3BcA1f8SYttf76anW-Bgp4vjzoPxXRXjn-O2KVCtpEw&oe=68BD7EF2
994955636169953,Bike,$250,"Ramona, CA",a bike,0.0,llama3_8b,bike,,a bike in poor condition,0.48783934,a bike in good condition,0.39150572,a bike in fair condition,0.12065501,https://www.facebook.com/marketplace/item/994955636169953,https://scontent-lax3-1.xx.fbcdn.net/v/t45.5328-4/495590589_1224905192640376_1233208118791595801_n.jpg?stp=c0.152.261.261a_dst-jpg_p261x260_tt6&_nc_cat=108&ccb=1-7&_nc_sid=247b10&_nc_ohc=vPHXj6F-sL0Q7kNvwHtf3fW&_nc_oc=Adk9CLkNGA074NPz7ULAZTxrM70GyuJnIy6oA_GcWkB8v3DKWwWNNNgbrknm2TpDwXNBQlXAJfp10gH6FDbzrAGK&_nc_zt=23&_nc_ht=scontent-lax3-1.xx&_nc_gid=vKzan1MBsubXvyKJss7JwQ&oh=00_AfaExMBjYMwDo_yBdSIOAYi9Nn2v02uia8sn3T6BTHLUIQ&oe=68BD8989
9099722423394771,drift bike,$300,"Hemet, CA",a bike,0.0,llama3_8b,bike,,a bike in good condition,0.6453762,a bike in poor condition,0.20565394,a bike in fair condition,0.14896987,https://www.facebook.com/marketplace/item/9099722423394771,https://scontent-lax3-1.xx.fbcdn.net/v/t45.5328-4/469242179_1137896987930640_5346283649960341218_n.jpg?stp=c144.0.260.260a_dst-jpg_p261x260_tt6&_nc_cat=102&ccb=1-7&_nc_sid=247b10&_nc_ohc=-oIt7OJWmBIQ7kNvwHqy2PL&_nc_oc=AdmYKynXfSMidDaDFgRX7UYt40eGXZYy17nnle1-A46h_3sDMiWqtp9GEns_Q0Nvc4HRCdif2hpMz5MI_DcTvS-A&_nc_zt=23&_nc_ht=scontent-lax3-1.xx&_nc_gid=8-DEcySt5NX0uzg96HWUyg&oh=00_Afb-qfuMfrGT1TF9SjzYH5E3TtpSZjo8_FYSvOoaiPuKLg&oe=68BD6308
562351970200512,Coastal Cruiser E Bike,$800,"Ramona, CA",a bike,0.0,llama3_8b,bike,,a bike in good condition,0.66653436,a bike in poor condition,0.21403463,a bike in fair condition,0.11943102,https://www.facebook.com/marketplace/item/562351970200512,https://scontent-lax3-1.xx.fbcdn.net/v/t45.5328-4/531549339_1692249844824410_1173018968295097287_n.jpg?stp=c43.0.260.260a_dst-jpg_p261x260_tt6&_nc_cat=109&ccb=1-7&_nc_sid=247b10&_nc_ohc=9lBfR5wQwYsQ7kNvwFmqtYb&_nc_oc=AdmFn3ewfVIzSuyQWhp6yYaggWVzj_QmnH-4Xi80IRZMRZY5fL4Isu6VsZ6D-ZDM53fpkqjaoaZeJJ-nCse-8cNT&_nc_zt=23&_nc_ht=scontent-lax3-1.xx&_nc_gid=KSTfipGwvJMTFWSPcAKvag&oh=00_AfZlZoEtS-EeLtAzeNdKAYHgGZ_6UzpxkzdjoENdU5gj3w&oe=68BD6716
